Workbook

Sheet Huong_Dan
A1: BỘ TEST NHỎ - KIỂM THỬ CHUẨN HÓA PHƯƠNG NGỮ & PHÂN LOẠI MỨC KHẨN CẤP
A2: Dùng cho đề tài: Nền tảng hỗ trợ điều phối cứu trợ lũ lụt tại miền Trung dựa trên AI NLP (FloodAid)
A4: MỤC ĐÍCH
A5: File này giúp bạn thu được SỐ LIỆU ĐỊNH LƯỢNG (tỷ lệ đúng/sai) để bổ sung vào mục 4.2.5 hoặc thêm một mục "Đánh giá kết quả" trong khóa luận - phần mà báo cáo hiện đang thiếu và nhiều khả năng sẽ bị hỏi khi bảo vệ.
A7: CÁCH DÙNG
A8: 1. Sheet 'Test_ChuanHoa': đưa từng câu ở cột B vào ứng dụng (qua ô nhập SOS bằng văn bản, đóng vai giọng miền Trung đã được ASR phiên âm) hoặc gọi trực tiếp hàm normalize() nếu bạn test bằng code/unit test. Dán kết quả hệ thống trả về vào cột D (ô màu vàng).
A9: 2. Sheet 'Test_PhanLoai': đưa nội dung cột B vào hàm phân loại mức khẩn cấp (runUrgencyClassification / runRuleBasedFallback). Điền mức khẩn cấp hệ thống trả về vào cột E, và nhãn (tags) trả về vào cột F. Ở cột H, tự đánh giá nhãn: ghi 'Đúng' nếu khớp hoàn toàn với cột D, 'Thiếu' nếu bỏ sót nhãn, 'Dư' nếu ra thừa nhãn, 'Sai' nếu sai hẳn.
A10: 3. Sheet 'Tong_Hop' tự tính % chính xác theo công thức - không cần sửa tay, chỉ cần điền xong hai sheet trên.
A11: 4. Cột 'Loại kiểm thử' đánh dấu 'Chuẩn' là ca thường, 'Biên/Rủi ro' là ca cố tình chọn để lộ điểm yếu đã biết của thiết kế rule-based (phủ định, khớp cụm từ chính xác, từ đa nghĩa...). Nên giữ lại cả hai loại khi báo cáo kết quả, vì phần 'Biên/Rủi ro' chính là bằng chứng cho thấy bạn hiểu rõ hạn chế hệ thống - giám khảo đánh giá cao điều này hơn là một bộ test toàn câu dễ.
A13: VỀ ĐỘ TIN CẬY CỦA 'KẾT QUẢ MONG ĐỢI'
A14: Cột 'Kết quả / mức khẩn cấp / nhãn mong đợi' được suy ra thủ công từ đúng các bảng luật/từ khóa đã công bố trong khóa luận (Bảng 4.1, 4.2, 4.3, 4.4). Đây KHÔNG phải kết quả chạy thật từ hệ thống của bạn - chỉ là kỳ vọng lý thuyết dựa trên logic đã mô tả. Nếu hệ thống thực tế cho kết quả khác, đó có thể là do (a) cách khớp cụm từ/khoảng trắng trong code khác với suy luận ở đây, hoặc (b) đúng là hệ thống có lỗi/hạn chế - cả hai đều là phát hiện đáng ghi vào báo cáo.
A16: GỢI Ý VIẾT VÀO BÁO CÁO
A17: "Để đánh giá sơ bộ, đề tài xây dựng bộ 20 câu kiểm thử chuẩn hóa phương ngữ và 25 câu kiểm thử phân loại mức khẩn cấp (bao gồm cả các ca biên nhằm bộc lộ hạn chế của phương pháp dò từ khóa). Kết quả: chuẩn hóa đúng X/20 câu (Y%), phân loại đúng mức khẩn cấp Z/25 câu (W%). Các ca sai chủ yếu rơi vào nhóm câu có yếu tố phủ định hoặc cách diễn đạt tự nhiên không khớp nguyên văn từ khóa đã liệt kê ở Bảng 4.3/4.4 - đây là hạn chế cố hữu của phương pháp rule-based, được đề tài ghi nhận ở mục 5.2/5.3." - đoạn này bạn có thể chỉnh sửa theo số liệu thật.

Sheet Test_ChuanHoa
A1: STT | B1: Câu đầu vào (giả lập giọng miền Trung / ASR) | C1: Kết quả mong đợi (suy từ Bảng 4.1 / 4.2) | D1: Kết quả thực tế (điền sau khi test) | E1: Khớp? | F1: Loại kiểm thử | G1: Ghi chú
A2: 1 | B2: Nhoà tôi bị ngập rồi | C2: Nhà tôi bị ngập rồi | E2: =IF(D2="","",IF(D2=C2,"Đúng","Sai")) | F2: Chuẩn | G2: Luật à→oà (Bảng 4.1)
A3: 2 | B3: Tui đang lồm gì đây | C3: Tui đang làm gì đây | E3: =IF(D3="","",IF(D3=C3,"Đúng","Sai")) | F3: Chuẩn | G3: Luật am→ôm
A4: 3 | B4: Mớ nhoà tôi bị sập | C4: Mái nhà tôi bị sập | E4: =IF(D4="","",IF(D4=C4,"Đúng","Sai")) | F4: Chuẩn | G4: Từ vựng cụm 2 từ (Bảng 4.2)
A5: 4 | B5: Chu cha ơi cứu tôi với | C5: Ôi trời ơi cứu tôi với | E5: =IF(D5="","",IF(D5=C5,"Đúng","Sai")) | F5: Chuẩn | G5: Từ vựng cụm 2 từ
A6: 5 | B6: Con gớ tôi đang mắc kẹt | C6: Con gái tôi đang mắc kẹt | E6: =IF(D6="","",IF(D6=C6,"Đúng","Sai")) | F6: Chuẩn | G6: Từ vựng cụm 2 từ
A7: 6 | B7: Răng không ai tới cứu | C7: Sao không ai tới cứu | E7: =IF(D7="","",IF(D7=C7,"Đúng","Sai")) | F7: Chuẩn | G7: Từ vựng đơn
A8: 7 | B8: Rứa thì tôi phải làm sao | C8: Thế thì tôi phải làm sao | E8: =IF(D8="","",IF(D8=C8,"Đúng","Sai")) | F8: Chuẩn | G8: Từ vựng đơn
A9: 8 | B9: Nước ở mô rồi | C9: Nước ở đâu rồi | E9: =IF(D9="","",IF(D9=C9,"Đúng","Sai")) | F9: Chuẩn | G9: Từ vựng đơn
A10: 9 | B10: Nhà tê bị ngập | C10: Nhà kia bị ngập | E10: =IF(D10="","",IF(D10=C10,"Đúng","Sai")) | F10: Chuẩn | G10: Từ vựng đơn
A11: 10 | B11: Tau đang ở trên mái nhà | C11: Tao đang ở trên mái nhà | E11: =IF(D11="","",IF(D11=C11,"Đúng","Sai")) | F11: Chuẩn | G11: Từ vựng đơn
A12: 11 | B12: Mi gọi cứu hộ chưa | C12: Mày gọi cứu hộ chưa | E12: =IF(D12="","",IF(D12=C12,"Đúng","Sai")) | F12: Chuẩn | G12: Từ vựng đơn
A13: 12 | B13: Chừ nước lên nhanh lắm | C13: Giờ nước lên nhanh lắm | E13: =IF(D13="","",IF(D13=C13,"Đúng","Sai")) | F13: Chuẩn | G13: Từ vựng đơn
... A21: 20 | B21: Nhoà Tôi Ở Đường Nguyễn Huệ | C21: Nhà Tôi Ở Đường Nguyễn Huệ | E21: =IF(D21="","",IF(D21=C21,"Đúng","Sai")) | F21: Biên/Rủi ro | G21: Kiểm tra hàm _preserveCase giữ đúng chữ hoa đầu câu/tên riêng

Sheet Test_PhanLoai
A1: STT | B1: Nội dung tin nhắn (đã chuẩn hóa) | C1: Mức khẩn cấp mong đợi (1-5) | D1: Nhãn mong đợi (theo Bảng 4.4) | E1: Mức khẩn cấp thực tế | F1: Nhãn thực tế | G1: Khớp mức khẩn cấp? | H1: Khớp nhãn? (điền: Đúng/Thiếu/Dư/Sai) | I1: Loại kiểm thử | J1: Ghi chú
A2: 1 | B2: Có người bị chảy máu nhiều cần cấp cứu gấp | C2: 5 | D2: y_te | G2: =IF(E2="","",IF(E2=C2,"Đúng","Sai")) | I2: Chuẩn | J2: "máu" (mức 5) + "cấp cứu" (y_te)
A3: 2 | B3: Bà tôi bị bất tỉnh trong nhà | C3: 5 | D3: y_te, nguoi_gia | G3: =IF(E3="","",IF(E3=C3,"Đúng","Sai")) | I3: Chuẩn | J3: "bất tỉnh" (mức 5) + "bà"
A4: 3 | B4: Có em bé bị ngập nóc nhà không thoát được | C4: 4 | D4: tre_em, ngap_noc | G4: =IF(E4="","",IF(E4=C4,"Đúng","Sai")) | I4: Chuẩn | J4: max(4 em bé/ngập nóc, 3 không thoát được)=4
A5: 4 | B5: Nước dâng cao, cả nhà mắc kẹt, không có phương tiện di chuyển | C5: 3 | D5: phuong_tien | G5: =IF(E5="","",IF(E5=C5,"Đúng","Sai")) | I5: Chuẩn | J5: "nước dâng", "mắc kẹt" (mức 3)
A6: 5 | B6: Nhà tôi ngập, cần xuồng tới đón | C6: 2 | D6: phuong_tien | G6: =IF(E6="","",IF(E6=C6,"Đúng","Sai")) | I6: Chuẩn | J6: "ngập" (mức 2) + "cần xuồng"
A7: 6 | B7: Gia đình tôi bị cô lập nhiều ngày chưa có ai tới | C7: 3 | D7: (không có) | G7: =IF(E7="","",IF(E7=C7,"Đúng","Sai")) | I7: Chuẩn | J7: "cô lập" (mức 3)
A8: 7 | B8: Ông tôi 80 tuổi bị gãy chân đang rất đau | C8: 4 | D8: y_te, nguoi_gia | G8: =IF(E8="","",IF(E8=C8,"Đúng","Sai")) | I8: Chuẩn | J8: "gãy" (mức 4, y_te) + "ông"
A9: 8 | B9: Con tôi bị đuối nước, không thở được | C9: 5 | D9: y_te | G9: =IF(E9="","",IF(E9=C9,"Đúng","Sai")) | I9: Chuẩn | J9: "đuối nước", "không thở" (mức 5)
A10: 9 | B10: Nước lên nhanh, cần hỗ trợ gấp | C10: 2 | D10: (không có) | G10: =IF(E10="","",IF(E10=C10,"Đúng","Sai")) | I10: Chuẩn | J10: "nước lên", "cần hỗ trợ" (mức 2)
A11: 10 | B11: Xin chào, tôi muốn hỏi thông tin về đội cứu hộ | C11: 1 | D11: (không có) | G11: =IF(E11="","",IF(E11=C11,"Đúng","Sai")) | I11: Chuẩn | J11: Không khớp từ khóa nào → mặc định
A12: 11 | B12: Xe tôi bị hư, tôi cần ghe để di chuyển qua vùng ngập | C12: 2 | D12: phuong_tien | G12: =IF(E12="","",IF(E12=C12,"Đúng","Sai")) | I12: Chuẩn | J12: "ngập" (mức 2) + "cần ghe"
A13: 12 | B13: Nước ngập sâu, cần xuồng gấp, có bà cụ cao tuổi bị mắc kẹt | C13: 3 | D13: phuong_tien, nguoi_gia | G13: =IF(E13="","",IF(E13=C13,"Đúng","Sai")) | I13: Chuẩn | J13: "ngập sâu"/"mắc kẹt" (mức 3)
A14: 13 | B14: Người già và trẻ em bị mắc kẹt trên mái nhà, có người chảy máu | C14: 5 | D14: nguoi_gia, tre_em, y_te | G14: =IF(E14="","",IF(E14=C14,"Đúng","Sai")) | I14: Chuẩn | J14: "máu" (mức 5) đè lên "mái nhà" (mức 4) - kiểm tra quy tắc lấy MAX
A15: 14 | B15: cứu | C15: ? | D15: (không có) | G15: =IF(E15="","",IF(E15=C15,"Đúng","Sai")) | I15: Biên/Rủi ro | J15: Chỉ 1 từ, không khớp "cấp cứu" nguyên cụm → dự đoán mức 1 (mặc định). Kiểm tra xử lý input siêu ngắn
A16: 15 | B16: Nhà tôi. Có trẻ em. Nước đã ngập tới mái. | C16: 4 | D16: tre_em, ngap_noc | G16: =IF(E16="","",IF(E16=C16,"Đúng","Sai")) | I16: Biên/Rủi ro | J16: "ngập tới mái" khớp Bảng 4.4 (tag ngap_noc) nhưng KHÔNG khớp nguyên văn Bảng 4.3 (chỉ có "ngập nóc"/"mái nhà") → mức khẩn cấp có thể chỉ lên do "trẻ em" (4), không phải do ngập. Kiểm tra độ lệch giữa 2 bảng từ khóa
A17: 16 | B17: Nhà sập, không ai bị thương nhưng cần chỗ ở tạm | C17: 1 | D17: (không có) | G17: =IF(E17="","",IF(E17=C17,"Đúng","Sai")) | I17: Biên/Rủi ro | J17: PHỦ ĐỊNH: câu nói KHÔNG ai bị thương, nhưng cụm "bị thương" vẫn nằm trong câu → dự đoán hệ thống rule-based sẽ BÁO NHẦM mức 4 + tag y_te dù thực tế an toàn
A18: 17 | B18: Không có ai chết nhưng nhà ngập nóc | C18: 4 | D18: ngap_noc | G18: =IF(E18="","",IF(E18=C18,"Đúng","Sai")) | I18: Biên/Rủi ro | J18: PHỦ ĐỊNH tương tự: chữ "chết" (mức 5) xuất hiện trong câu phủ định → dự đoán hệ thống báo nhầm mức 5 thay vì mức thực tế (4, do ngập nóc)
A19: 18 | B19: Cả nhà an toàn, không cần hỗ trợ gì thêm | C19: 1 | D19: (không có) | G19: =IF(E19="","",IF(E19=C19,"Đúng","Sai")) | I19: Biên/Rủi ro | J19: PHỦ ĐỊNH: "cần hỗ trợ" là từ khóa mức 2, nhưng câu là "KHÔNG cần hỗ trợ" → dự đoán hệ thống báo nhầm mức 2
A20: 19 | B20: Trẻ em trong nhà đang ổn, chỉ cần thêm lương thực | C20: 1 | D20: tre_em | G20: =IF(E20="","",IF(E20=C20,"Đúng","Sai")) | I20: Biên/Rủi ro | J20: Câu an toàn nhưng có từ "trẻ em" → tag tre_em vẫn bật (đúng theo thiết kế vì tag chỉ báo SỰ HIỆN DIỆN, không phải nguy hiểm) nhưng cần kiểm tra mức khẩn cấp có bị đội lên nhầm hay không ("trẻ em" cũng là từ khóa mức 4 trong Bảng 4.3)
A21: 20 | B21: Alo cứu tôi với, nhà tôi ở xã ngập tới nóc rồi, trong nhà có mẹ già 70 tuổi với 2 đứa nhỏ, không có ghe không ra được, nước dâng nhanh lắm | C21: 3 | D21: (nguoi_gia và tre_em dự đoán BỊ BỎ SÓT) | G21: =IF(E21="","",IF(E21=C21,"Đúng","Sai")) | I21: Biên/Rủi ro | J21: Diễn đạt tự nhiên: "mẹ già" không khớp nguyên cụm "người già/ông/bà/cụ/cao tuổi"; "2 đứa nhỏ" không khớp "trẻ em/em bé/con nít/trẻ con/con nhỏ"; "không có ghe" không khớp nguyên cụm "cần ghe/không có phương tiện" → đây là ca quan trọng nhất để đo tỉ lệ bỏ sót do cách diễn đạt tự nhiên khác với từ khóa liệt kê sẵn
A22: 21 | B22: Nước ngập tới nóc nhà, có người bất tỉnh | C22: 5 | D22: y_te | G22: =IF(E22="","",IF(E22=C22,"Đúng","Sai")) | I22: Biên/Rủi ro | J22: "ngập tới nóc" khác nguyên văn "ngập nóc" trong Bảng 4.3 - kiểm tra matcher có xử lý biến thể cụm từ hay khớp cứng
A23: 22 | B23: Ba tôi tuy đã lớn tuổi nhưng vẫn khỏe, không cần giúp gì cả | C23: 1 | D23: (không có, dự đoán nguoi_gia có thể bị bỏ vì 'lớn tuổi' ≠ 'cao tuổi') | G23: =IF(E23="","",IF(E23=C23,"Đúng","Sai")) | I23: Biên/Rủi ro | J23: "lớn tuổi" không khớp nguyên cụm "cao tuổi" trong Bảng 4.4 → kiểm tra độ phủ từ đồng nghĩa
A24: 23 | B24: Nhà tôi ở gần sông, hiện nước chưa lên, chỉ hỏi thông tin phòng ngừa | C24: 1 | D24: (không có) | G24: =IF(E24="","",IF(E24=C24,"Đúng","Sai")) | I24: Chuẩn | J24: Câu hỏi thông tin thuần túy, không có yếu tố khẩn cấp thật - kiểm tra hệ thống không báo động giả
A25: 24 | B25: Cấp cứu! Chồng tôi gãy tay, chảy máu nhiều, đang bất tỉnh, nhà ngập tới mái, có 2 con nhỏ | C25: 5 | D25: y_te, ngap_noc, tre_em | G25: =IF(E25="","",IF(E25=C25,"Đúng","Sai")) | I25: Chuẩn | J25: Ca đa yếu tố - kiểm tra hệ thống gộp đủ mọi nhãn khi câu dài, nhiều thông tin
A26: 25 | B26: Mưa to gió lớn nhưng nhà tôi vẫn ổn, chỉ hơi lo lắng thôi | C26: 1 | D26: (không có) | G26: =IF(E26="","",IF(E26=C26,"Đúng","Sai")) | I26: Chuẩn | J26: Câu bày tỏ cảm xúc, không có yêu cầu cứu trợ cụ thể - kiểm tra không báo động nhầm

Sheet Tong_Hop
A1: TỔNG HỢP KẾT QUẢ KIỂM THỬ
A2: Bảng này tự tính - chỉ cần điền xong 2 sheet Test_ChuanHoa và Test_PhanLoai
A5: CHUẨN HÓA PHƯƠNG NGỮ
A6: Tổng số câu test | B6: =COUNTA(Test_ChuanHoa!B2:B21) -> 20
A7: Số câu đã điền kết quả thực tế | B7: =COUNTA(Test_ChuanHoa!D2:D21) -> 0
A8: Số câu khớp (Đúng) | B8: =COUNTIF(Test_ChuanHoa!E2:E21,"Đúng") -> 0
A9: Tỷ lệ chính xác (trên số đã điền) | B9: =IFERROR(COUNTIF(Test_ChuanHoa!E2:E21,"Đúng")/COUNTA(Test_ChuanHoa!D2:D21),"") | C9: % - đưa vào mục 4.2.5
A10: - trong đó, số ca 'Biên/Rủi ro' khớp | B10: =COUNTIFS(Test_ChuanHoa!F2:F21,"Biên/Rủi ro",Test_ChuanHoa!E2:E21,"Đúng") -> 0
A11: - trong đó, số ca 'Biên/Rủi ro' tổng cộng | B11: =COUNTIF(Test_ChuanHoa!F2:F21,"Biên/Rủi ro") -> 5
A13: PHÂN LOẠI MỨC KHẨN CẤP
A14: Tổng số câu test | B14: =COUNTA(Test_PhanLoai!B2:B26) -> 25
A15: Số câu đã điền mức khẩn cấp thực tế | B15: =COUNTA(Test_PhanLoai!E2:E26) -> 0
A16: Số câu khớp đúng MỨC khẩn cấp | B16: =COUNTIF(Test_PhanLoai!G2:G26,"Đúng") -> 0
A17: Tỷ lệ chính xác mức khẩn cấp (trên số đã điền) | B17: =IFERROR(COUNTIF(Test_PhanLoai!G2:G26,"Đúng")/COUNTA(Test_PhanLoai!E2:E26),"") | C17: % - đưa vào mục 4.2.5
A18: Số câu khớp đúng NHÃN (điền tay ở cột H) | B18: =COUNTIF(Test_PhanLoai!H2:H26,"Đúng") -> 0
A19: Tỷ lệ chính xác nhãn (trên số đã điền) | B19: =IFERROR(COUNTIF(Test_PhanLoai!H2:H26,"Đúng")/COUNTA(Test_PhanLoai!F2:F26),"") | C19: %
A20: - trong đó, số ca 'Biên/Rủi ro' khớp mức khẩn cấp | B20: =COUNTIFS(Test_PhanLoai!I2:I26,"Biên/Rủi ro",Test_PhanLoai!G2:G26,"Đúng") -> 0
A21: - trong đó, số ca 'Biên/Rủi ro' tổng cộng | B21: =COUNTIF(Test_PhanLoai!I2:I26,"Biên/Rủi ro") -> 9
